Summary,Issue key,Issue id,Issue Type,Status,Status Category,Project key,Project name,Priority,Resolution,Assignee,Reporter,Created,Updated,Resolved,Sprint,Sprint,Sprint,Labels,Labels,Custom field (Story point estimate),Custom field (Flagged),Parent,Parent summary,Description
Add retry with backoff to the vendor feed loader,DPLAT-412,10812,Story,Done,Done,DPLAT,Data Platform,Medium,Done,Alex Rivera,Sam Okafor,08/Sep/26 9:15 AM,15/Sep/26 10:40 AM,15/Sep/26 10:00 AM,DPLAT Sprint 23,,,pipeline,,5,,DPLAT-201,Ingestion reliability,"Internal notes, acceptance criteria and links would normally live here. This field is never sent to the AI model."
Alert on late-arriving partitions in the orders feed (follow-up to DPLAT-414),DPLAT-413,10813,Story,Done,Done,DPLAT,Data Platform,Medium,Done,Priya Natarajan,Jordan Lee,08/Sep/26 9:15 AM,16/Sep/26 10:40 AM,16/Sep/26 10:00 AM,DPLAT Sprint 23,,,alerting,,3,,DPLAT-201,Ingestion reliability,"Internal notes, acceptance criteria and links would normally live here. This field is never sent to the AI model."
Duplicate rows after replaying the customer feed,DPLAT-414,10814,Bug,Done,Done,DPLAT,Data Platform,High,Done,Sam Okafor,Mei Tanaka,08/Sep/26 9:15 AM,17/Sep/26 10:40 AM,17/Sep/26 10:00 AM,DPLAT Sprint 23,,,,,2,,DPLAT-201,Ingestion reliability,"Internal notes, acceptance criteria and links would normally live here. This field is never sent to the AI model."
Backfill 90 days of web events into the new landing zone,DPLAT-415,10815,Task,Done,Done,DPLAT,Data Platform,Medium,Done,Jordan Lee,Alex Rivera,08/Sep/26 9:15 AM,18/Sep/26 10:40 AM,18/Sep/26 10:00 AM,DPLAT Sprint 22,DPLAT Sprint 23,,,,5,,DPLAT-201,Ingestion reliability,"Internal notes, acceptance criteria and links would normally live here. This field is never sent to the AI model."
Move the marketing mart tables to Delta format,DPLAT-416,10816,Story,Done,Done,DPLAT,Data Platform,Medium,Done,Mei Tanaka,Priya Natarajan,08/Sep/26 9:15 AM,19/Sep/26 10:40 AM,19/Sep/26 10:00 AM,DPLAT Sprint 23,,,migration,,8,,DPLAT-188,Lakehouse migration,"Internal notes, acceptance criteria and links would normally live here. This field is never sent to the AI model."
Point the finance dashboards at the lakehouse views,DPLAT-417,10817,Story,Done,Done,DPLAT,Data Platform,Medium,Done,Alex Rivera,Sam Okafor,08/Sep/26 9:15 AM,20/Sep/26 10:40 AM,20/Sep/26 10:00 AM,DPLAT Sprint 23,,,,,5,,DPLAT-188,Lakehouse migration,"Internal notes, acceptance criteria and links would normally live here. This field is never sent to the AI model."
Retire the legacy nightly export job,DPLAT-418,10818,Task,Done,Done,DPLAT,Data Platform,Medium,Done,Priya Natarajan,Jordan Lee,08/Sep/26 9:15 AM,21/Sep/26 10:40 AM,21/Sep/26 10:00 AM,DPLAT Sprint 23,,,,,2,,DPLAT-188,Lakehouse migration,"Internal notes, acceptance criteria and links would normally live here. This field is never sent to the AI model."
Row counts differ between legacy and lakehouse sales tables,DPLAT-419,10819,Bug,Done,Done,DPLAT,Data Platform,High,Done,Sam Okafor,Mei Tanaka,08/Sep/26 9:15 AM,22/Sep/26 10:40 AM,22/Sep/26 10:00 AM,DPLAT Sprint 23,,,,,3,,DPLAT-188,Lakehouse migration,"Internal notes, acceptance criteria and links would normally live here. This field is never sent to the AI model."
Migrate the service-visit history tables,DPLAT-420,10820,Story,In Progress,In Progress,DPLAT,Data Platform,Medium,,Jordan Lee,Alex Rivera,08/Sep/26 9:15 AM,25/Sep/26 12:40 AM,,DPLAT Sprint 23,DPLAT Sprint 24,,migration,,8,,DPLAT-188,Lakehouse migration,"Internal notes, acceptance criteria and links would normally live here. This field is never sent to the AI model."
Freshness checks for the ten most-used tables,DPLAT-421,10821,Story,Done,Done,DPLAT,Data Platform,Medium,Done,Mei Tanaka,Priya Natarajan,08/Sep/26 9:15 AM,15/Sep/26 10:40 AM,15/Sep/26 10:00 AM,DPLAT Sprint 23,,,dq,,5,,DPLAT-214,Data quality monitoring,"Internal notes, acceptance criteria and links would normally live here. This field is never sent to the AI model."
Null-rate checks on customer contact fields,DPLAT-422,10822,Story,Done,Done,DPLAT,Data Platform,Medium,Done,Alex Rivera,Sam Okafor,08/Sep/26 9:15 AM,16/Sep/26 10:40 AM,16/Sep/26 10:00 AM,DPLAT Sprint 23,,,dq,,3,,DPLAT-214,Data quality monitoring,"Internal notes, acceptance criteria and links would normally live here. This field is never sent to the AI model."
Publish a data quality scorecard to the team channel,DPLAT-423,10823,Story,In Review,In Progress,DPLAT,Data Platform,Medium,,Priya Natarajan,Jordan Lee,08/Sep/26 9:15 AM,25/Sep/26 12:40 AM,,DPLAT Sprint 23,DPLAT Sprint 24,,,,3,,DPLAT-214,Data quality monitoring,"Internal notes, acceptance criteria and links would normally live here. This field is never sent to the AI model."
Schema drift detection for third-party files,DPLAT-424,10824,Story,To Do,To Do,DPLAT,Data Platform,Medium,,Sam Okafor,Mei Tanaka,18/Sep/26 9:15 AM,25/Sep/26 12:40 AM,,DPLAT Sprint 23,DPLAT Sprint 24,,,,5,,DPLAT-214,Data quality monitoring,"Internal notes, acceptance criteria and links would normally live here. This field is never sent to the AI model."
Right-size the dev warehouse cluster,DPLAT-425,10825,Task,Done,Done,DPLAT,Data Platform,Medium,Done,Jordan Lee,Alex Rivera,08/Sep/26 9:15 AM,19/Sep/26 10:40 AM,19/Sep/26 10:00 AM,DPLAT Sprint 23,,,finops,,2,,DPLAT-230,Cloud cost reduction,"Internal notes, acceptance criteria and links would normally live here. This field is never sent to the AI model."
Auto-suspend idle compute after 15 minutes,DPLAT-426,10826,Story,Done,Done,DPLAT,Data Platform,Medium,Done,Mei Tanaka,Priya Natarajan,08/Sep/26 9:15 AM,20/Sep/26 10:40 AM,20/Sep/26 10:00 AM,DPLAT Sprint 23,,,finops,,3,,DPLAT-230,Cloud cost reduction,"Internal notes, acceptance criteria and links would normally live here. This field is never sent to the AI model."
Tag every job with a cost-center label,DPLAT-427,10827,Task,Blocked,In Progress,DPLAT,Data Platform,Medium,,Alex Rivera,Sam Okafor,08/Sep/26 9:15 AM,25/Sep/26 12:40 AM,,DPLAT Sprint 23,DPLAT Sprint 24,,,,3,Impediment,DPLAT-230,Cloud cost reduction,Waiting on the cost-center list from Finance.
Investigate the storage cost spike in August,DPLAT-428,10828,Spike,Done,Done,DPLAT,Data Platform,Medium,Done,Priya Natarajan,Jordan Lee,08/Sep/26 9:15 AM,22/Sep/26 10:40 AM,22/Sep/26 10:00 AM,DPLAT Sprint 23,,,,,2,,DPLAT-230,Cloud cost reduction,"Internal notes, acceptance criteria and links would normally live here. This field is never sent to the AI model."
Add Jordan's pipeline failure notes to the on-call runbook,DPLAT-429,10829,Task,Done,Done,DPLAT,Data Platform,Medium,Done,Sam Okafor,Mei Tanaka,08/Sep/26 9:15 AM,23/Sep/26 10:40 AM,23/Sep/26 10:00 AM,DPLAT Sprint 23,,,docs,,1,,,,"Internal notes, acceptance criteria and links would normally live here. This field is never sent to the AI model."
Upgrade the orchestration platform to the latest minor version,DPLAT-430,10830,Task,Done,Done,DPLAT,Data Platform,Medium,Done,Jordan Lee,Alex Rivera,08/Sep/26 9:15 AM,15/Sep/26 10:40 AM,15/Sep/26 10:00 AM,DPLAT Sprint 22,DPLAT Sprint 23,,,,3,,,,"Internal notes, acceptance criteria and links would normally live here. This field is never sent to the AI model."
Timezone bug in the daily snapshot job,DPLAT-431,10831,Bug,Done,Done,DPLAT,Data Platform,High,Done,Mei Tanaka,Priya Natarajan,17/Sep/26 9:15 AM,16/Sep/26 10:40 AM,16/Sep/26 10:00 AM,DPLAT Sprint 23,,,,,1,,,,"Internal notes, acceptance criteria and links would normally live here. This field is never sent to the AI model."
Service account password rotation,DPLAT-432,10832,Task,Done,Done,DPLAT,Data Platform,Medium,Done,Alex Rivera,Sam Okafor,20/Sep/26 9:15 AM,17/Sep/26 10:40 AM,17/Sep/26 10:00 AM,DPLAT Sprint 23,,,,,,,,,"Internal notes, acceptance criteria and links would normally live here. This field is never sent to the AI model."
Proof of concept: streaming ingestion for clickstream,DPLAT-433,10833,Spike,In Progress,In Progress,DPLAT,Data Platform,Medium,,Priya Natarajan,Jordan Lee,08/Sep/26 9:15 AM,25/Sep/26 12:40 AM,,DPLAT Sprint 22,DPLAT Sprint 23,DPLAT Sprint 24,,,5,,,,"Internal notes, acceptance criteria and links would normally live here. This field is never sent to the AI model."
Archive unused staging schemas,DPLAT-434,10834,Task,Closed,Done,DPLAT,Data Platform,Medium,Won't Do,Sam Okafor,Mei Tanaka,08/Sep/26 9:15 AM,19/Sep/26 10:40 AM,19/Sep/26 10:00 AM,DPLAT Sprint 23,,,,,1,,,,"Internal notes, acceptance criteria and links would normally live here. This field is never sent to the AI model."
Document the lakehouse naming conventions,DPLAT-435,10835,Task,Done,Done,DPLAT,Data Platform,Medium,Done,Jordan Lee,Alex Rivera,08/Sep/26 9:15 AM,20/Sep/26 10:40 AM,20/Sep/26 10:00 AM,DPLAT Sprint 23,,,docs,,1,,DPLAT-188,Lakehouse migration,"Internal notes, acceptance criteria and links would normally live here. This field is never sent to the AI model."
